{
	"Files":[
	
		{
		"name":"0.data",
		"size":"10485760",
		"transferTime":"7490",
		"speedInMBpS":"1.399968"
		},
		{
		"name":"1.data",
		"size":"209715200",
		"transferTime":"1283",
		"speedInMBpS":"163.456898"
		},
		{
		"name":"2.data",
		"size":"314572800",
		"transferTime":"1778",
		"speedInMBpS":"176.925084"
		},
		{
		"name":"3.data",
		"size":"419430400",
		"transferTime":"2388",
		"speedInMBpS":"175.640871"
		},
		{
		"name":"4.data",
		"size":"524288000",
		"transferTime":"2960",
		"speedInMBpS":"177.124324"
		},
		{
		"name":"5.data",
		"size":"1073741824",
		"transferTime":"5937",
		"speedInMBpS":"180.855958"
		},
		{
		"name":"6.data",
		"size":"2147483648",
		"transferTime":"11791",
		"speedInMBpS":"182.129052"
		},
{}
],

"instanceType":"m5.xlarge",
"zone":"ca-central-1",
"price":"0.050300",
"time":"ms",
"fileSize":"byte"
}
