{
	"Files":[
	
		{
		"name":"0.data",
		"size":"10485760",
		"transferTime":"6986",
		"speedInMBpS":"1.500968"
		},
		{
		"name":"1.data",
		"size":"209715200",
		"transferTime":"1306",
		"speedInMBpS":"160.578254"
		},
		{
		"name":"2.data",
		"size":"314572800",
		"transferTime":"1803",
		"speedInMBpS":"174.471880"
		},
		{
		"name":"3.data",
		"size":"419430400",
		"transferTime":"2398",
		"speedInMBpS":"174.908424"
		},
		{
		"name":"4.data",
		"size":"524288000",
		"transferTime":"3122",
		"speedInMBpS":"167.933376"
		},
		{
		"name":"5.data",
		"size":"1073741824",
		"transferTime":"5748",
		"speedInMBpS":"186.802683"
		},
		{
		"name":"6.data",
		"size":"2147483648",
		"transferTime":"12147",
		"speedInMBpS":"176.791278"
		},
{}
],

"instanceType":"c5.xlarge",
"zone":"us-east-2",
"price":"0.036100",
"time":"ms",
"fileSize":"byte"
}
