{
	"Files":[
	
		{
		"name":"0.data",
		"size":"10485760",
		"transferTime":"4448",
		"speedInMBpS":"2.357410"
		},
		{
		"name":"1.data",
		"size":"209715200",
		"transferTime":"1863",
		"speedInMBpS":"112.568545"
		},
		{
		"name":"2.data",
		"size":"314572800",
		"transferTime":"3136",
		"speedInMBpS":"100.310204"
		},
		{
		"name":"3.data",
		"size":"419430400",
		"transferTime":"3625",
		"speedInMBpS":"115.704938"
		},
		{
		"name":"4.data",
		"size":"524288000",
		"transferTime":"4542",
		"speedInMBpS":"115.431088"
		},
		{
		"name":"5.data",
		"size":"1073741824",
		"transferTime":"8184",
		"speedInMBpS":"131.200125"
		},
		{
		"name":"6.data",
		"size":"2147483648",
		"transferTime":"15761",
		"speedInMBpS":"136.253007"
		},
{}
],

"instanceType":"m5.large",
"zone":"ca-central-1",
"price":"0.025100",
"time":"ms",
"fileSize":"byte"
}
