{
	"Files":[
	
		{
		"name":"0.data",
		"size":"10485760",
		"transferTime":"362",
		"speedInMBpS":"28.966188"
		},
		{
		"name":"1.data",
		"size":"209715200",
		"transferTime":"1111",
		"speedInMBpS":"188.762556"
		},
		{
		"name":"2.data",
		"size":"314572800",
		"transferTime":"1718",
		"speedInMBpS":"183.104075"
		},
		{
		"name":"3.data",
		"size":"419430400",
		"transferTime":"2087",
		"speedInMBpS":"200.972880"
		},
		{
		"name":"4.data",
		"size":"524288000",
		"transferTime":"2557",
		"speedInMBpS":"205.040282"
		},
		{
		"name":"5.data",
		"size":"1073741824",
		"transferTime":"5201",
		"speedInMBpS":"206.449111"
		},
		{
		"name":"6.data",
		"size":"2147483648",
		"transferTime":"10592",
		"speedInMBpS":"202.745813"
		},
{}
],

"instanceType":"m5.2xlarge",
"zone":"ca-central-1",
"price":"0.100600",
"time":"ms",
"fileSize":"byte"
}
