{
	"Files":[
	
		{
		"name":"0.data",
		"size":"10485760",
		"transferTime":"361",
		"speedInMBpS":"29.046427"
		},
		{
		"name":"1.data",
		"size":"209715200",
		"transferTime":"1128",
		"speedInMBpS":"185.917730"
		},
		{
		"name":"2.data",
		"size":"314572800",
		"transferTime":"1582",
		"speedInMBpS":"198.845006"
		},
		{
		"name":"3.data",
		"size":"419430400",
		"transferTime":"2260",
		"speedInMBpS":"185.588673"
		},
		{
		"name":"4.data",
		"size":"524288000",
		"transferTime":"2600",
		"speedInMBpS":"201.649231"
		},
		{
		"name":"5.data",
		"size":"1073741824",
		"transferTime":"5204",
		"speedInMBpS":"206.330097"
		},
		{
		"name":"6.data",
		"size":"2147483648",
		"transferTime":"10412",
		"speedInMBpS":"206.250831"
		},
{}
],

"instanceType":"m5.2xlarge",
"zone":"us-east-2",
"price":"0.071100",
"time":"ms",
"fileSize":"byte"
}
