{
	"Files":[
	
		{
		"name":"0.data",
		"size":"10485760",
		"transferTime":"396",
		"speedInMBpS":"26.479192"
		},
		{
		"name":"1.data",
		"size":"209715200",
		"transferTime":"1861",
		"speedInMBpS":"112.689522"
		},
		{
		"name":"2.data",
		"size":"314572800",
		"transferTime":"2687",
		"speedInMBpS":"117.072125"
		},
		{
		"name":"3.data",
		"size":"419430400",
		"transferTime":"3234",
		"speedInMBpS":"129.694001"
		},
		{
		"name":"4.data",
		"size":"524288000",
		"transferTime":"4119",
		"speedInMBpS":"127.285263"
		},
		{
		"name":"5.data",
		"size":"1073741824",
		"transferTime":"7764",
		"speedInMBpS":"138.297504"
		},
		{
		"name":"6.data",
		"size":"2147483648",
		"transferTime":"16320",
		"speedInMBpS":"131.586008"
		},
{}
],

"instanceType":"c5.large",
"zone":"ap-south-1",
"price":"0.021900",
"time":"ms",
"fileSize":"byte"
}
