{
	"Files":[
	
		{
		"name":"0.data",
		"size":"10485760",
		"transferTime":"953",
		"speedInMBpS":"11.002896"
		},
		{
		"name":"1.data",
		"size":"209715200",
		"transferTime":"1782",
		"speedInMBpS":"117.685297"
		},
		{
		"name":"2.data",
		"size":"314572800",
		"transferTime":"2817",
		"speedInMBpS":"111.669436"
		},
		{
		"name":"3.data",
		"size":"419430400",
		"transferTime":"3335",
		"speedInMBpS":"125.766237"
		},
		{
		"name":"4.data",
		"size":"524288000",
		"transferTime":"4331",
		"speedInMBpS":"121.054722"
		},
		{
		"name":"5.data",
		"size":"1073741824",
		"transferTime":"8357",
		"speedInMBpS":"128.484124"
		},
		{
		"name":"6.data",
		"size":"2147483648",
		"transferTime":"15733",
		"speedInMBpS":"136.495497"
		},
{}
],

"instanceType":"c5.large",
"zone":"us-east-2",
"price":"0.016800",
"time":"ms",
"fileSize":"byte"
}
