{
	"Files":[
	
		{
		"name":"0.data",
		"size":"10485760",
		"transferTime":"484",
		"speedInMBpS":"21.664793"
		},
		{
		"name":"1.data",
		"size":"209715200",
		"transferTime":"3965",
		"speedInMBpS":"52.891602"
		},
		{
		"name":"2.data",
		"size":"314572800",
		"transferTime":"5879",
		"speedInMBpS":"53.507875"
		},
		{
		"name":"3.data",
		"size":"419430400",
		"transferTime":"8307",
		"speedInMBpS":"50.491200"
		},
		{
		"name":"4.data",
		"size":"524288000",
		"transferTime":"21515",
		"speedInMBpS":"24.368487"
		},
		{
		"name":"5.data",
		"size":"1073741824",
		"transferTime":"43091",
		"speedInMBpS":"24.918007"
		},
		{
		"name":"6.data",
		"size":"2147483648",
		"transferTime":"85346",
		"speedInMBpS":"25.162089"
		},
{}
],

"instanceType":"t2.micro",
"zone":"us-east-1",
"price":"0.003500",
"time":"ms",
"fileSize":"byte"
}
