{
    "Images": [
        {
            "VirtualizationType": "hvm", 
            "Description": "Amazon Linux AMI 2018.03.0.20180508 x86_64 HVM GP2", 
            "Hypervisor": "xen", 
            "ImageOwnerAlias": "amazon", 
            "EnaSupport": true, 
            "SriovNetSupport": "simple", 
            "ImageId": "ami-76d6f519", 
            "State": "available", 
            "BlockDeviceMappings": [
                {
                    "DeviceName": "/dev/xvda", 
                    "Ebs": {
                        "Encrypted": false, 
                        "DeleteOnTermination": true, 
                        "VolumeType": "gp2", 
                        "VolumeSize": 8, 
                        "SnapshotId": "snap-0fdc3ede9f2044f9a"
                    }
                }
            ], 
            "Architecture": "x86_64", 
            "ImageLocation": "amazon/amzn-ami-hvm-2018.03.0.20180508-x86_64-gp2", 
            "RootDeviceType": "ebs", 
            "OwnerId": "137112412989", 
            "RootDeviceName": "/dev/xvda", 
            "CreationDate": "2018-05-08T18:09:54.000Z", 
            "Public": true, 
            "ImageType": "machine", 
            "Name": "amzn-ami-hvm-2018.03.0.20180508-x86_64-gp2"
        }
    ]
}
